,Компетенция,Уровень темы,Составляющая,Образовательный результат,Что должно войти в тест,Таксономия,Уровень ALDs,Важность,Раздел РПД · компетенции РПД,Задание 1,Задание 2,Задание 3,ОС
,,,"Что человек должен делать / как использовать инструмент, чтобы доказать владение уровнем темы",Сценарий применения на разном уровне,,Знание / Применение / Анализ,базовый / средний / продвинутый,1–5 для ОР, РПД Б1.О.23,,,,
,Постановки задач машинного обучения,базовый,"Умеет по описанию прикладной ситуации определить тип задачи машинного обучения, объект, целевую переменную и признаки","Перечисляет типы задач: классификация, регрессия, ранжирование, кластеризация, латентные модели",FALSE,Знание,базовый,4,"Р.1 Введение в МО и анализ данных
ОПК-2; ПК-2",,,,
,,,,Различает обучение с учителем и без учителя по наличию целевой переменной,FALSE,ПОнимание,базовый,5,,,,,
,,,,Определяет тип задачи машинного обучения по описанию прикладной ситуации,TRUE,ПОнимание,базовый,5,,"Экран: Банк по данным клиента прогнозирует: «вернёт кредит в срок» или «не вернёт».

Варианты: 1 — классификация; 2 — регрессия; 3 — кластеризация; 4 — ранжирование.

Голосовая инструкция: «Назовите тип задачи и кратко объясните выбор».

Ответ: классификация: целевая переменная имеет два класса.","Экран: По площади, числу комнат, району и этажу нужно предсказать цену квартиры в рублях.

Варианты: 1 — классификация; 2 — регрессия; 3 — кластеризация; 4 — ранжирование.

Голосовая инструкция: «Назовите тип задачи и кратко объясните выбор».

Ответ: регрессия: предсказывается числовое значение.","Экран: Для пользователя нужно упорядочить фильмы от наиболее до наименее подходящего по истории его просмотров.

Варианты: 1 — классификация; 2 — регрессия; 3 — кластеризация; 4 — ранжирование.

Голосовая инструкция: «Назовите тип задачи и кратко объясните выбор».

Ответ: ранжирование: требуется упорядочить объекты по релевантности.","Нужно знать: назначение и различия основных типов задач машинного обучения: классификации, регрессии, ранжирования и кластеризации. Нужно понимать, что в классификации модель выбирает класс из конечного набора, в регрессии прогнозирует числовую величину, в ранжировании упорядочивает объекты по релевантности, а в кластеризации ищет группы без заранее заданной целевой переменной.

Нужно уметь: выделять в прикладном описании ожидаемый результат работы модели; определять тип и формат целевой переменной; соотносить бизнес-задачу с типом ML-задачи; устно обосновывать выбор через формулировки «предсказать класс», «предсказать число», «упорядочить объекты», «найти группы»."
,,,,"Выделяет в описании задачи объект, целевую переменную и признаки",TRUE,ПОнимание,базовый,5,,"Экран:
| Наблюдение | Площадь, м² | Комнаты | Район | Этаж | Цена, млн руб. |
|---|---:",---:,---|---:,"Нужно знать: структуру набора данных в машинном обучении: объект или единицу наблюдения, признаки, целевую переменную, строки и столбцы таблицы. Нужно понимать, что объект — это сущность, для которой строится предсказание; признаки — доступные характеристики объекта; целевая переменная — результат, который должна предсказать модель.

Нужно уметь: читать прикладное описание и таблицу данных; называть объект прогнозирования; отделять целевую переменную от входных признаков; проверять, что признаки могут быть известны до получения целевого значения; описывать постановку задачи в порядке «объект — цель — признаки»."
,,,,"Распознаёт виды данных (таблицы, тексты, изображения, звук) и типы признаков (числовые, бинарные, категориальные, порядковые)",FALSE,Знание,базовый,4,,,,,
,,,,"Описывает постановку задачи ранжирования и приводит примеры (поиск, рекомендации)",FALSE,Знание,средний,3,,,,,
,,,,"Находит ошибку в постановке задачи: признак, недоступный на момент прогноза (утечка целевой переменной)",TRUE,Анализ,средний,4,,"Экран: Модель выдачи кредита строится в момент подачи заявки.

| Признак | Доступен при выдаче? |
|---|---|
| Доход на дату заявки | Да |
| Возраст | Да |
| Кредитный рейтинг | Да |
| Число дней просрочки по этому кредиту через 3 месяца | Нет |

Голосовая инструкция: «Назовите признак с утечкой и объясните причину».

Ответ: число дней просрочки через три месяца; это будущая информация.","Экран: Модель в момент заказа такси предсказывает отмену.

| Признак | Доступен в момент заказа? |
|---|---|
| Район отправления | Да |
| Время заказа | Да |
| Рейтинг пассажира | Да |
| Фактический статус отмены поездки | Нет |

Голосовая инструкция: «Назовите признак с утечкой и объясните причину».

Ответ: фактический статус отмены; это прогнозируемый результат.","Экран: Модель при поступлении прогнозирует успешное завершение первого курса.

| Признак | Доступен на момент поступления? |
|---|---|
| Балл вступительного испытания | Да |
| Программа обучения | Да |
| Возраст | Да |
| Средний балл за первый семестр | Нет |

Голосовая инструкция: «Назовите признак с утечкой и объясните причину».

Ответ: средний балл первого семестра; он появляется после момента прогноза.","Нужно знать: понятие утечки данных, утечки целевой переменной и временной доступности данных. Нужно понимать, что признак допустим только тогда, когда он реально существует и доступен в момент, когда модель должна выдать прогноз. Следует различать исторические признаки, текущие признаки, будущую информацию и переменные, которые прямо или косвенно содержат целевой ответ.

Нужно уметь: фиксировать момент прогнозирования в кейсе; проверять каждый признак на доступность в этот момент; находить признаки из будущего, постфактум-события и замаскированную целевую переменную; устно объяснять ошибку через причинно-временную логику: «этот признак появляется после прогнозируемого события, поэтому в реальной работе модели он недоступен»."
,"Подготовка табличных, категориальных и текстовых данных",базовый,"Умеет подготовить сырые данные к обучению: пропуски, масштабирование, кодирование категорий, признаки текста",Обрабатывает пропуски и масштабирует числовые признаки,FALSE,Применение,базовый,5,"Р.6 Подготовка данных
ОПК-2; ОПК-8; ПК-2",,,,
,,,,Применяет one-hot и порядковое кодирование с учётом типа признака,FALSE,Применение,базовый,5,,,,,
,,,,"Строит признаки для текста: мешок слов, TF-IDF",FALSE,Применение,средний,4,,,,,
,,,,Собирает предобработку и модель в Pipeline / ColumnTransformer,FALSE,Применение,средний,4,,,,,
,,,,Выбирает способ кодирования под модель и число уникальных значений признака,FALSE,Анализ,средний,4,,,,,
,,,,Применяет target encoding с защитой от утечки (кодирование по фолдам),FALSE,Применение,продвинутый,3,,,,,
,,базовый,"Умеет корректно разбить данные, провести кросс-валидацию и выбрать метрику качества регрессии под задачу","Различает эмпирический риск и обобщающую способность, описывает переобучение",FALSE,Знание,базовый,5,"Р.2 Линейные модели
ОПК-8; ПК-2",,,,
,,,,"Разбивает выборку на обучающую, валидационную и тестовую части",FALSE,Применение,базовый,5,,,,,
,,,,Проводит k-fold кросс-валидацию в scikit-learn,FALSE,Применение,базовый,5,,,,,
,,,,"Выбирает схему валидации под данные (стратификация, группы, временной порядок)",TRUE,Применение,средний,4,,"Экран:
| Класс | Количество | Доля |
|---|---:",---:,"|
| Заболевание есть | 200 | 2% |
| Заболевания нет | 9 800 | 98% |

Наблюдения независимы.

Голосовая инструкция: «Выберите схему разбиения и объясните выбор».

Ответ: стратифицированное разбиение; оно сохранит долю редкого класса.","Нужно знать: назначение обучающей, валидационной и тестовой выборок; принципы hold-out и кросс-валидации; различия между случайным, стратифицированным, групповым и временным разбиением. Нужно понимать, что стратификация сохраняет соотношение классов, групповое разбиение предотвращает попадание связанных объектов в обучение и проверку, а временное разбиение сохраняет направление времени «прошлое → будущее».

Нужно уметь: анализировать структуру датасета и обнаруживать дисбаланс классов, повторные измерения одного объекта, группы наблюдений и временную зависимость; выбирать схему разбиения, соответствующую будущему применению модели; объяснять, какую конкретную утечку или искажение предотвращает выбранный вариант валидации."
,,,,"Вычисляет MSE, RMSE, MAE, R² и выбирает метрику под задачу",TRUE,Применение,базовый,5,,"Экран:
(MAE = \frac{1}{n}\sum",y_i-\hat y_i,")
MSE=1n∑(yi−y^i)2MSE = \frac{1}{n}\sum(y_i-\hat y_i)^2MSE=n1​∑(yi​−y^​i​)2

| Объект | Истинное значение | Прогноз |
|---|---:","Нужно знать: определения и смысл MAE, MSE, RMSE и R^2; различие между абсолютной и квадратичной ошибкой; влияние больших ошибок и выбросов на метрики; интерпретацию единиц измерения метрик. Нужно понимать, что MAE отражает среднюю абсолютную величину ошибки, MSE и RMSE сильнее штрафуют большие ошибки, а R^2 показывает, какую долю вариативности целевой переменной объясняет модель относительно базового прогноза средним значением.

Нужно уметь: по таблице истинных и прогнозных значений находить остатки; вычислять MAE, MSE и RMSE по формулам, представленным на экране; интерпретировать результат в контексте предметной области; выбирать метрику с учётом того, допустимы ли выбросы и насколько дорого обходятся крупные ошибки."
,,,,Находит утечку данных в пайплайне (масштабирование или отбор признаков до разбиения),FALSE,Анализ,средний,4,,,,,
,,,,Диагностирует переобучение и недообучение по кривым обучения,TRUE,Анализ,средний,4,,"Экран: график ошибки от числа деревьев.

| Деревьев | Ошибка обучения | Ошибка валидации |
|---|---:",---:,"|
| 20 | 0,34 | 0,36 |
| 50 | 0,24 | 0,28 |
| 100 | 0,13 | 0,22 |
| 150 | 0,07 | 0,27 |
| 200 | 0,03 | 0,34 |

Голосовая инструкция: «Определите состояние модели и назовите одно действие для исправления».

Ответ: переобучение; например, ранняя остановка или ограничение сложности модели.","Нужно знать: понятия ошибки обучения, ошибки валидации, обобщающей способности, переобучения и недообучения. Нужно понимать характерные паттерны: при переобучении ошибка на обучении мала, а валидационная ошибка заметно выше или начинает расти; при недообучении обе ошибки остаются высокими и близкими; при хорошем обобщении ошибки достаточно низки, близки и стабилизируются.

Нужно уметь: читать графики и таблицы зависимости качества от сложности модели, числа итераций или объёма данных; классифицировать состояние модели; выбирать действие, соответствующее диагнозу: усложнение модели при недообучении, регуляризация или ранняя остановка при переобучении, независимая итоговая проверка на тестовой выборке при хорошем обобщении."
,Кластеризация,средний,"Умеет применить алгоритм кластеризации, подобрать его параметры и оценить результат",Описывает задачу кластеризации и её отличие от классификации,FALSE,Знание,базовый,4,"Р.5 Обучение без учителя
ОПК-8; ПК-2",,,,
,,,,"Применяет K-Means и выбирает число кластеров (метод локтя, коэффициент силуэта)",FALSE,Применение,базовый,5,,,,,
,,,,Объясняет чувствительность K-Means к масштабу признаков и инициализации,FALSE,Анализ,средний,4,,,,,
,,,,Применяет DBSCAN и подбирает параметры eps и min_samples,FALSE,Применение,средний,4,,,,,
,,,,Применяет иерархическую кластеризацию и строит дендрограмму,FALSE,Применение,средний,3,,,,,
,,,,Описывает MeanShift и роль ширины окна,FALSE,Знание,средний,2,,,,,
,,,,"Выбирает алгоритм по форме кластеров, наличию шума и необходимости задавать число кластеров",FALSE,Анализ,средний,5,,,,,
,Обучает модели,базовый,"Умеет обучить линейную регрессию, выбрать функцию потерь и интерпретировать коэффициенты модели",Воспроизводит постановку задачи МНК и её аналитическое решение (нормальное уравнение),FALSE,Знание,базовый,4,"Р.2 Линейные модели
ОПК-8; ПК-2",,,,
,,,,Обучает линейную регрессию в scikit-learn и получает прогноз на новых данных,FALSE,Применение,базовый,5,,,,,
,,,,"Объясняет, когда аналитическое решение неприменимо (вырожденная матрица XᵀX, большое число признаков)",TRUE,ПОнимание,средний,3,,"Экран:
X=(12243648)X=\begin{pmatrix}1 & 2\\2 & 4\\3 & 6\\4 & 8\end{pmatrix}X=​1234​2468​​

Второй признак во всех строках в два раза больше первого.

w^=(XTX)−1XTy\hat w=(X^TX)^{-1}X^Tyw^=(XTX)−1XTy

Голосовая инструкция: «Не произносите формулу. Объясните, почему аналитическое решение в обычном виде неприменимо».

Ответ: признаки линейно зависимы; XTXX^TXXTX вырождена и не обращается.","Экран:
| Параметр | Значение |
|---|---:","|
| Число объектов | 5 000 000 |
| Число признаков | 300 000 |
| Метод | обращение XTXX^TXXTX |

Голосовая инструкция: «Объясните, почему аналитическое решение нецелесообразно».

Ответ: обращение очень большой матрицы требует слишком много времени и памяти; лучше использовать итерационные методы.","Нужно знать: идею аналитического решения линейной регрессии через нормальное уравнение; смысл матриц X, X^T X, обратной матрицы и ранга матрицы. Нужно понимать, что линейно зависимые признаки, дублирование признаков или ситуация «признаков больше, чем объектов» могут сделать X^T X вырожденной. Также нужно знать, что обращение очень больших матриц вычислительно дорого.

Нужно уметь: по описанию матрицы или набора признаков обнаруживать линейную зависимость и мультиколлинеарность; объяснять, почему матрицу нельзя обратить или почему её обращение неэффективно; выбирать альтернативы: градиентный спуск, регуляризованные модели Ridge/Lasso, псевдообратную матрицу, сокращение числа и дублирования признаков."
,,,,"Выбирает функцию потерь (MSE, MAE, Huber) с учётом выбросов в данных",TRUE,Применение,средний,4,,"Экран:
| Интервал цены, млн руб. | Число квартир |
|---|---:","|
| 3–15 | 9 840 |
| 15–25 | 140 |
| Более 100 | 20 |

Последние 20 значений — ошибки ввода; реальные цены около 10 млн руб.

Голосовая инструкция: «Выберите MSE, MAE или Huber и объясните выбор».

Ответ: Huber; допустима MAE при объяснении устойчивости к выбросам.","Экран:
| Модуль ошибки прогноза | Доля объектов |
|---|---:","Нужно знать: как устроены MSE, MAE и Huber loss; как каждая функция потерь реагирует на малые, крупные и аномальные ошибки. Нужно понимать, что MSE квадратично усиливает вклад крупных ошибок, MAE одинаково линейно учитывает все ошибки по модулю, а Huber действует как MSE вблизи нуля и как MAE для больших ошибок. Нужно знать, что выбор функции потерь задаёт, какие ошибки модель будет считать особенно нежелательными.

Нужно уметь: анализировать кейс, распределение ошибок или наличие выбросов; выбирать функцию потерь под условия задачи; аргументировать выбор через чувствительность к выбросам и стоимость большой ошибки; отличать аномальные ошибки в данных от действительно важных редких наблюдений, которые нельзя игнорировать."
,,,,Интерпретирует знак и величину коэффициентов с учётом масштаба признаков,TRUE,Анализ,средний,4,,"Экран: Все признаки стандартизированы.

y^=0,8⋅Площадь+0,3⋅Комнаты−0,5⋅Расстояние до метро+b\hat y=0{,}8\cdot\text{Площадь}+0{,}3\cdot\text{Комнаты}-0{,}5\cdot\text{Расстояние до метро}+by^​=0,8⋅Площадь+0,3⋅Комнаты−0,5⋅Расстояние до метро+b

Голосовая инструкция: «Не произносите формулу. Объясните знак коэффициента расстояния и сравните влияние площади и числа комнат».

Ответ: расстояние увеличивается — цена снижается; площадь влияет сильнее, так как 0,8 больше 0,3.","Экран: Все признаки стандартизированы.

y^=−0,7⋅Цена+0,4⋅Рекламный бюджет+0,2⋅Рейтинг+b\hat y=-0{,}7\cdot\text{Цена}+0{,}4\cdot\text{Рекламный бюджет}+0{,}2\cdot\text{Рейтинг}+by^​=−0,7⋅Цена+0,4⋅Рекламный бюджет+0,2⋅Рейтинг+b

Голосовая инструкция: «Не произносите формулу. Объясните знак коэффициента цены и назовите самый сильный признак».

Ответ: цена влияет отрицательно; по модулю сильнее всего цена — 0,7.","Экран: Все признаки стандартизированы.

y^=0,6⋅Расстояние+0,2⋅Число товаров−0,4⋅Опыт курьера+b\hat y=0{,}6\cdot\text{Расстояние}+0{,}2\cdot\text{Число товаров}-0{,}4\cdot\text{Опыт курьера}+by^​=0,6⋅Расстояние+0,2⋅Число товаров−0,4⋅Опыт курьера+b

Голосовая инструкция: «Не произносите формулу. Объясните коэффициент опыта и назовите самый сильный фактор».

Ответ: опыт уменьшает время доставки; самый сильный фактор — расстояние, 0,6.","Нужно знать: устройство линейной регрессии, смысл коэффициента и свободного члена; интерпретацию положительного и отрицательного знака коэффициента; различие между абсолютной величиной коэффициента и сравнением коэффициентов. Нужно понимать, что корректно сравнивать силу влияния признаков по модулям коэффициентов можно при одинаковом масштабе признаков, например после стандартизации.

Нужно уметь: читать формулу линейной модели; объяснять направление связи каждого признака с прогнозом при прочих равных; находить признак с большим относительным влиянием в стандартизированной модели; различать статистическую модельную связь и причинное утверждение; избегать некорректного сравнения коэффициентов признаков, измеренных в разных единицах."
,,,,Описывает постановку квантильной регрессии и приводит пример применения (интервальный прогноз спроса),FALSE,ПОнимание,продвинутый,2,,,,,
,,средний,"Умеет реализовать градиентный спуск для линейной модели, диагностировать сходимость и подобрать регуляризацию",Описывает шаг градиентного спуска и роль длины шага,FALSE,Знание,базовый,4,"Р.2 Линейные модели
ОПК-8; ПК-2",,,,
,,,,"Различает полный, стохастический и мини-пакетный градиентный спуск",FALSE,Знание,средний,3,,,,,
,,,,Реализует градиентный спуск для линейной регрессии на NumPy,TRUE,Применение,средний,5,,"Экран: код.

python\nimport numpy as np\n\nX = np.array([[1.0], [2.0], [3.0], [4.0]])\ny = np.array([3.0, 5.0, 7.0, 9.0])\n\nw = np.zeros(1)\nb = 0.0\nlr = 0.1\n\nfor step in range(100):\n y_pred = X @ w + b\n error = y_pred - y\n grad_w = (2 / len(X)) * X.T @ error\n grad_b = 2 * error.mean()\n\n # Какой принцип обновления w и b нужен здесь?\n ...\n

Голосовая инструкция: «Не читайте код. Объясните принцип обновления параметров».

Ответ: из параметров вычитается градиент, умноженный на скорость обучения.","Экран: код.

python\nimport numpy as np\n\nX = np.array([[1.0], [2.0], [3.0]])\ny = np.array([2.0, 4.0, 6.0])\nw = np.array([0.5])\nb = 0.0\n\nfor step in range(10):\n y_pred = X @ w + b\n\n # Что следует вычислить в error?\n error = ...\n\n grad_w = (2 / len(X)) * X.T @ error\n grad_b = 2 * error.mean()\n

Голосовая инструкция: «Не читайте код. Назовите, что должно содержаться в переменной error».

Ответ: остатки: прогноз минус истинные значения.","Экран: код и таблица.

python\nloss_history = [12.4, 18.7, 35.2, 71.8, 146.5]\nlr = 10.0\n\n
| Итерация | Loss |
|---|---:","Нужно знать: алгоритм градиентного спуска для линейной регрессии: получение прогноза, вычисление ошибки, вычисление градиента функции потерь, обновление весов и свободного члена. Нужно понимать назначение X, y, y_pred, error, w, b, grad_w, grad_b, learning rate и итерационного цикла. Следует знать, что обновление параметров выполняется в направлении, противоположном градиенту, чтобы уменьшить функцию потерь.

Нужно уметь: читать и дополнять простой NumPy-код линейной регрессии; вычислять остатки как разность прогнозов и истинных значений; объяснять смысл вычисления градиента; корректно описывать обновление параметров; распознавать расходимость по росту функции потерь и уменьшать скорость обучения."
,,,,Диагностирует расходимость или медленную сходимость по графику функции потерь и корректирует длину шага,FALSE,Анализ,средний,4,,,,,
,,,,Объясняет необходимость масштабирования признаков перед градиентным спуском и регуляризацией,TRUE,ПОнимание,базовый,4,,"Экран:
| Признак | Минимум | Максимум |
|---|---:",---:,"|
| Доход, руб. | 20 000 | 300 000 |
| Возраст, лет | 18 | 80 |

Используется градиентный спуск.

Голосовая инструкция: «Объясните две причины масштабирования признаков».

Ответ: признаки становятся сопоставимыми; градиентный спуск сходится устойчивее и быстрее.","Нужно знать: понятие масштаба признака и методы его изменения: нормализацию, стандартизацию, MinMaxScaler, StandardScaler и RobustScaler. Нужно понимать, что признаки с различающимися диапазонами создают неудобную геометрию функции потерь для градиентного спуска. Также необходимо знать, что L1- и L2-регуляризация накладывают штраф на коэффициенты, поэтому при разных масштабах признаков регуляризация становится несопоставимой и может искажать модель.

Нужно уметь: по диапазонам значений признаков определять необходимость масштабирования; объяснять, как стандартизация влияет на скорость и устойчивость градиентного спуска; обосновывать масштабирование перед Ridge, Lasso и логистической регрессией; выбирать подходящий инструмент предварительной обработки и применять его внутри корректного Pipeline без утечки данных."
,,,,"Применяет L1- и L2-регуляризацию (Lasso, Ridge) и подбирает коэффициент регуляризации",FALSE,Применение,средний,5,,,,,
,,,,"Объясняет, почему L1-регуляризация зануляет часть весов, а L2 — нет",TRUE,ПОнимание,средний,3,,"Экран: схема. В плоскости коэффициентов w1,w2w_1,w_2w1​,w2​ показаны эллипсы функции потерь, ромб L1 с вершинами на осях и окружность L2. Минимум эллипса касается L1-области на оси w2=0w_2=0w2​=0.

Голосовая инструкция: «Не произносите формулы. Объясните, почему L1 может занулять коэффициенты, а L2 обычно только уменьшает их».

Ответ: у L1 есть углы на осях; оптимум часто попадает в точку с нулевым коэффициентом. У L2 граница гладкая.","Экран:
| Признак | Lasso, L1 | Ridge, L2 |
|---|---:",---:,"Нужно знать: понятия регуляризации, L1- и L2-штрафа, Lasso и Ridge-регрессии, разреженности решения и отбора признаков. Нужно понимать геометрическую причину различия: область ограничений L1 имеет углы на осях координат, поэтому оптимум может попадать в точки с нулевыми коэффициентами; область L2 гладкая, поэтому коэффициенты обычно уменьшаются плавно, но не становятся равными нулю.

Нужно уметь: по таблице коэффициентов или схеме отличать поведение Lasso и Ridge; объяснять, почему Lasso может отбирать признаки; выбирать L1-регуляризацию, когда нужна разреженная и более интерпретируемая модель, и L2 — когда нужно стабилизировать веса при коррелирующих признаках; интерпретировать влияние коэффициента регуляризации на сложность модели."
,,,,Описывает идею и предпосылки методов оптимизации второго порядка (метод Ньютона),FALSE,ПОнимание,продвинутый,2,,,,,
,,средний,"Умеет обучить логистическую регрессию и линейный SVM, подобрать порог и интерпретировать оценки вероятностей",Описывает алгоритм персептрона,FALSE,Знание,базовый,2,"Р.2 Линейные модели
ОПК-8; ПК-2",,,,
,,,,Описывает понятие отступа и гладкие аппроксимации пороговой функции потерь,FALSE,Знание,средний,3,,,,,
,,,,Обучает логистическую регрессию и получает оценки вероятностей классов,TRUE,Применение,базовый,5,,"Экран:
| Клиент | Вероятность просрочки | Порог |
|---|---:",---:,"|
| C-481 | 0,82 | 0,50 |

Голосовая инструкция: «Назовите класс и вероятность неблагоприятного исхода».

Ответ: будет просрочка; вероятность 0,82.","Нужно знать: постановку бинарной классификации, принцип работы логистической регрессии, смысл логита и сигмоидной функции, отличие прогнозируемой вероятности от итоговой метки класса. Нужно понимать роль порога классификации: модель сначала оценивает вероятность положительного класса, а затем сравнивает её с порогом, чтобы выдать класс.

Нужно уметь: интерпретировать вывод predict_proba; называть вероятность положительного события и определять класс по заданному порогу; объяснять, почему вероятность, немного превышающая порог, приводит к положительному классу, но не обязательно свидетельствует о высокой уверенности; обучать логистическую регрессию и получать вероятностные прогнозы средствами scikit-learn."
,,,,Обучает линейный SVM и объясняет роль параметра C,FALSE,Применение,средний,4,,,,,
,,,,Описывает двойственную задачу SVM и понятие опорных векторов (без ядер),FALSE,Знание,продвинутый,3,,,,,
,,,,"Подбирает порог классификации под требование задачи (например, заданный уровень recall)",TRUE,Применение,средний,4,,"Экран:
| Порог | Recall | Precision |
|---|---:",---:,"|
| 0,2 | 0,97 | 0,28 |
| 0,5 | 0,86 | 0,51 |
| 0,8 | 0,60 | 0,79 |

Требование: recall не ниже 0,95.

Голосовая инструкция: «Назовите подходящий порог и объясните выбор».

Ответ: 0,2; только он обеспечивает recall не ниже 0,95.","Нужно знать: матрицу ошибок и метрики классификации: true positive, false positive, true negative, false negative, precision, recall, specificity и F1-score. Нужно понимать, как изменение порога влияет на число положительных прогнозов и на баланс precision/recall. Следует знать, что выбор порога определяется последствиями ошибок первого и второго рода, а не фиксированным правилом «использовать 0,5».

Нужно уметь: читать таблицу или график зависимости метрик от порога; выбирать порог, удовлетворяющий заданному ограничению, например минимальному recall; среди нескольких допустимых вариантов выбирать порог по дополнительному критерию; объяснять решение через риск ложноположительных и ложноотрицательных ошибок."
,,,,"Проверяет калибровку вероятностей по калибровочной кривой и объясняет, зачем она нужна",TRUE,Анализ,продвинутый,3,,"Экран: калибровочный график и таблица.

| Средний прогноз | Фактическая доля события |
|---|---:","|
| 0,10 | 0,06 |
| 0,30 | 0,18 |
| 0,50 | 0,35 |
| 0,80 | 0,60 |

На графике есть диагональ идеальной калибровки.

Голосовая инструкция: «Определите, завышает или занижает модель вероятности, и объясните пользу калибровки».

Ответ: завышает; прогнозы нужно соотносить с реальной частотой события.","Экран: калибровочный график и таблица.

| Средний прогноз | Фактическая доля события |
|---|---:","Нужно знать: понятия вероятностного прогноза, калибровки и калибровочной кривой. Нужно понимать, что идеально калиброванная модель для объектов с прогнозом 0,7 должна иметь событие примерно в 70% случаев. Следует различать калибровку и способность ранжировать объекты, измеряемую ROC-AUC. Необходимо знать основные методы калибровки: Platt scaling, isotonic regression, а также Brier score как одну из оценок качества вероятностей.

Нужно уметь: читать калибровочный график относительно диагонали идеальной калибровки; определять, завышает или занижает модель вероятности; объяснять, почему хорошо калиброванные вероятности важны для оценки риска, стоимости решений и выбора порога; выбирать из моделей с одинаковым ROC-AUC ту, чьи прогнозы пригоднее для риск-ориентированных решений."
,,,,Описывает обобщённые линейные модели,FALSE,Знание,продвинутый,2,,,,,
,,средний,Умеет обучить градиентный бустинг в одной из библиотек и настроить его гиперпараметры,Описывает идею градиентного бустинга: последовательное обучение деревьев на антиградиент функции потерь,FALSE,Знание,средний,4,"Р.4 Композиции моделей
ОПК-2; ОПК-8; ПК-2",,,,
,,,,"Обучает градиентный бустинг в xgboost, lightgbm или catboost",FALSE,Применение,средний,5,,,,,
,,,,"Настраивает learning rate, число деревьев, глубину и раннюю остановку",TRUE,Применение,средний,5,,"Экран:
| Параметр | Значение |
|---|---:","|
| Learning rate | 0,1 |
| Число деревьев | 1 000 |
| Глубина | 8 |

| Деревьев | Ошибка обучения | Ошибка валидации |
|---|---:",---:,"Нужно знать: принцип градиентного бустинга и назначение основных гиперпараметров: learning_rate, n_estimators, max_depth, параметров минимального размера листа и ранней остановки. Нужно понимать взаимосвязь learning rate и числа деревьев: более маленький шаг обычно требует большего числа деревьев. Нужно знать, что рост валидационной ошибки при продолжающемся улучшении качества на обучении — признак переобучения.

Нужно уметь: по графику или таблице выбирать момент ранней остановки; диагностировать чрезмерную сложность модели; менять глубину деревьев, скорость обучения и число итераций в правильном направлении; объяснять влияние каждой настройки на смещение, разброс, скорость обучения и риск переобучения; использовать механизмы early stopping в CatBoost, XGBoost, LightGBM или sklearn."
,,,,Сравнивает бэггинг и бустинг и выбирает подход под задачу,TRUE,Анализ,средний,4,,"Экран:
| Подвыборка | Accuracy теста |
|---|---:","|
| 1 | 0,71 |
| 2 | 0,83 |
| 3 | 0,68 |
| 4 | 0,86 |
| 5 | 0,70 |

Ошибка глубокого дерева на обучении близка к нулю.

Голосовая инструкция: «Выберите бэггинг или бустинг и объясните выбор через смещение или разброс».

Ответ: бэггинг; он снижает высокий разброс нестабильных глубоких деревьев.","Экран:
| Выборка | Ошибка обучения | Ошибка валидации |
|---|---:","Нужно знать: понятия ансамбля, базового алгоритма, смещения, разброса и случайной ошибки. Нужно понимать, что бэггинг обучает независимые модели на разных подвыборках и усредняет их результаты, поэтому прежде всего снижает разброс. Бустинг строит модели последовательно, акцентируя внимание на ошибках предыдущих моделей, поэтому обычно уменьшает смещение. Следует знать примеры: случайный лес — бэггинг; Gradient Boosting, XGBoost, LightGBM, CatBoost — бустинг.

Нужно уметь: по поведению модели определять, является ли ключевой проблемой высокий разброс или высокое смещение; выбирать бэггинг для нестабильных, склонных к переобучению моделей и бустинг для слабых моделей с высоким смещением; объяснять различие через способ обучения деревьев, возможность параллелизации, чувствительность к шуму и ожидаемый эффект на качество."
,,,,"Различает xgboost, lightgbm и catboost по стратегии роста деревьев и работе с категориальными признаками",FALSE,Знание,продвинутый,3,,,,,
,,,,Интерпретирует важность признаков в ансамбле и её ограничения,TRUE,Анализ,продвинутый,3,,"Экран:
| Признак | Важность | Корреляция с доходом |
|---|---:",---:,"|
| Доход | 0,46 | 1,00 |
| Стаж | 0,21 | 0,78 |
| Уровень должности | 0,18 | 0,71 |
| Возраст | 0,09 | 0,14 |

Голосовая инструкция: «Можно ли считать доход единственной причиной решения модели? Ответьте и назовите ограничение важности признаков».

Ответ: нельзя; важность не доказывает причинность, а коррелирующие признаки могут искажать распределение важности.","Нужно знать: назначение и способы вычисления важности признаков в деревьях и ансамблях: impurity-based importance, permutation importance, SHAP values. Нужно понимать, что важность отражает вклад признака в предсказания конкретной модели на конкретных данных, но не доказывает причинно-следственную связь. Следует знать ограничения: коррелирующие признаки могут «делить» важность; встроенная важность деревьев может завышать роль признаков с большим числом уникальных значений; оценки могут меняться на другой выборке.

Нужно уметь: корректно интерпретировать таблицу важности; формулировать вывод как «признак важен для данной модели», а не как причинное утверждение; распознавать потенциальное смещение важности по числу уникальных значений и коррелированности; подтверждать вывод permutation importance на отложенной выборке, сравнением модели с исключённым признаком или методами локальной/глобальной интерпретации."
,Решающие деревья,базовый,"Умеет построить решающее дерево, выбрать критерий информативности и ограничить переобучение",Описывает жадный алгоритм построения решающего дерева,FALSE,Знание,базовый,4,"Р.3 Решающие деревья
ОПК-8; ПК-2",,,,
,,,,"Вычисляет энтропию, критерий Джини и прирост информации для разбиения",FALSE,Применение,базовый,5,,,,,
,,,,Описывает критерий информативности для регрессионного дерева (дисперсия / MSE),FALSE,Знание,средний,3,,,,,
,,,,Обучает и визуализирует решающее дерево в scikit-learn,FALSE,Применение,базовый,4,,,,,
,,,,"Настраивает ограничения (max_depth, min_samples_leaf) и стрижку (cost-complexity pruning)",FALSE,Применение,средний,5,,,,,
,,,,Диагностирует переобучение дерева по разрыву качества на обучении и валидации,FALSE,Анализ,средний,4,,,,,
,,,,Описывает способы обработки пропущенных значений в деревьях,FALSE,Знание,средний,3,,,,,
,,,,Сравнивает дерево с линейной моделью по интерпретируемости и способности описывать нелинейности,FALSE,Анализ,средний,3,,,,,
,Метрики качества классификации,базовый,Умеет вычислить и выбрать метрику качества классификации с учётом баланса классов и цены ошибок,"Строит матрицу ошибок и вычисляет accuracy, precision, recall, F1",FALSE,Применение,базовый,5,"Р.2 Линейные модели
ОПК-8; ПК-2",,,,
,,,,"Объясняет, почему accuracy неинформативна при дисбалансе классов",FALSE,Анализ,базовый,5,,,,,
,,,,"Строит ROC- и PR-кривые, вычисляет ROC-AUC",FALSE,Применение,средний,4,,,,,
,,,,Выбирает метрику с учётом цены ошибок I и II рода,FALSE,Анализ,средний,5,,,,,
,,,,"Различает macro-, micro- и weighted-усреднение метрик",FALSE,Знание,средний,3,,,,,
,Смещение и разброс. Бэггинг и случайный лес,средний,Умеет объяснить ошибку модели через смещение и разброс и построить случайный лес,"Воспроизводит разложение ошибки на шум, смещение и разброс",FALSE,Знание,средний,4,"Р.4 Композиции моделей
ОПК-8; ПК-2",,,,
,,,,"Определяет, какая компонента ошибки доминирует у модели (глубокое дерево, линейная модель)",FALSE,Анализ,средний,4,,,,,
,,,,Описывает бэггинг и метод случайных подпространств,FALSE,Знание,базовый,4,,,,,
,,,,"Обучает случайный лес и Extra Trees, настраивает число деревьев и max_features",FALSE,Применение,средний,5,,,,,
,,,,Использует out-of-bag оценку качества,FALSE,Применение,средний,3,,,,,
,,,,"Объясняет, почему бэггинг снижает разброс, но не снижает смещение",FALSE,Анализ,продвинутый,4,,,,,
,Визуализация многомерных данных и представления слов,продвинутый,Умеет визуализировать многомерные данные и корректно интерпретировать визуализацию,Применяет t-SNE для визуализации и настраивает perplexity,FALSE,Применение,средний,3,"Р.5 Обучение без учителя
ОПК-8; ПК-2",,,,
,,,,Корректно интерпретирует t-SNE: расстояния между кластерами и их размеры не несут смысла,FALSE,Анализ,продвинутый,4,,,,,
,,,,Описывает идею векторных представлений слов (word2vec),FALSE,Знание,средний,3,,,,,
,,,,Кластеризует тексты по векторным представлениям,FALSE,Применение,продвинутый,2,,,,,
,Многоклассовая и multilabel-классификация,продвинутый,Умеет свести многоклассовую задачу к бинарным и решить multilabel-задачу,Различает multiclass- и multilabel-постановки,FALSE,Знание,базовый,4,"Р.2 Линейные модели
ОПК-8; ПК-2",,,,
,,,,Применяет схемы one-vs-rest и one-vs-one,FALSE,Применение,средний,4,,,,,
,,,,Применяет мультиномиальную логистическую регрессию (softmax),FALSE,Применение,средний,3,,,,,
,,,,"Решает multilabel-задачу через бинарную релевантность и оценивает её (Hamming loss, micro-F1)",FALSE,Применение,продвинутый,3,,,,,
,,,,Описывает методы решения multilabel-задач на основе матричных разложений,FALSE,Знание,продвинутый,2,,,,,
,Отбор признаков,средний,"Умеет отобрать признаки методами фильтрации, обёртки и встроенными методами","Различает методы фильтрации, обёртки и встроенные методы отбора признаков",FALSE,Знание,средний,4,"Р.6 Подготовка данных
ОПК-8; ПК-2",,,,
,,,,"Применяет фильтрацию (корреляция, взаимная информация)",FALSE,Применение,средний,3,,,,,
,,,,Применяет встроенный отбор через Lasso или важности признаков деревьев,FALSE,Применение,средний,4,,,,,
,,,,Применяет обёрточный отбор (RFE),FALSE,Применение,продвинутый,3,,,,,
,,,,Сравнивает отбор признаков и понижение размерности по интерпретируемости результата,FALSE,Анализ,средний,3,,,,,
,Понижение размерности: метод главных компонент,средний,"Умеет применить PCA, выбрать число компонент и оценить влияние на качество модели",Описывает PCA как поиск направлений максимальной дисперсии,FALSE,Знание,базовый,4,"Р.6 Подготовка данных
ОПК-8; ПК-2",,,,
,,,,Применяет PCA после стандартизации и выбирает число компонент по доле объяснённой дисперсии,FALSE,Применение,средний,5,,,,,
,,,,Оценивает влияние понижения размерности на качество модели,FALSE,Анализ,средний,4,,,,,
,,,,Объясняет связь PCA с сингулярным разложением,FALSE,Знание,продвинутый,2,,,,,
,Рекомендательные системы: постановка и метрики,средний,Умеет сформулировать задачу рекомендаций и выбрать метрику качества под постановку,"Формулирует задачу по матрице взаимодействий, различает явную и неявную обратную связь",FALSE,Знание,базовый,4,"Р.7 Рекомендательные системы
ОПК-8; ПК-2",,,,
,,,,"Различает контентную и коллаборативную фильтрацию, описывает проблему холодного старта",FALSE,Знание,базовый,4,,,,,
,,,,"Вычисляет RMSE/MAE для прогноза оценок и Precision@k, Recall@k, MAP для топ-k рекомендаций",FALSE,Применение,средний,5,,,,,
,,,,Выбирает метрику под постановку: прогноз оценки или ранжирование топ-k,FALSE,Анализ,средний,4,,,,,
,,,,Разбивает данные для оценки рекомендаций с учётом времени,FALSE,Применение,продвинутый,3,,,,,
,Коллаборативная фильтрация и матричные разложения,продвинутый,Умеет реализовать коллаборативную фильтрацию и модель на основе матричного разложения,"Реализует user-based и item-based коллаборативную фильтрацию, выбирает меру сходства",FALSE,Применение,средний,5,"Р.7 Рекомендательные системы
ОПК-8; ПК-2",,,,
,,,,"Применяет матричное разложение (SVD, ALS, NMF) для предсказания оценок",FALSE,Применение,продвинутый,4,,,,,
,,,,Объясняет смысл латентных факторов пользователей и объектов,FALSE,Знание,продвинутый,3,,,,,
,,,,Сравнивает соседские методы и матричные разложения по работе с разреженностью и масштабируемости,FALSE,Анализ,продвинутый,4,,,,,
,,,,,,,,,,,,,
,ПРОВЕРИТЬ: НЕТ В РПД,,,,,,,,,,,,
,"Глубокое обучение: сверточные, рекуррентные, генеративно-состязательные сети; диффузионные модели",,Индикатор «Знать» ПК-2. В содержании разделов 1–7 отсутствует,,,,,,,,,,
,"Временные ряды: ARIMA, экспоненциальное сглаживание, сезонная декомпозиция",,Индикатор «Знать» ПК-2. В содержании отсутствует,,,,,,,,,,
,"Обработка естественного языка: NER, seq2seq, трансформеры, диалоговые системы",,Индикатор «Знать» ПК-2. В курсе только представления слов (р.5) и признаки текста (р.6),,,,,,,,,,
,"Обучение с подкреплением, метаобучение, обучение на графах, мультимодальное обучение",,Индикатор «Знать» ПК-2. В содержании отсутствует,,,,,,,,,,
,"Физически-информированные нейросети, нейродифференциальные уравнения",,Индикатор «Знать» и «Уметь» ПК-2. В содержании отсутствует,,,,,,,,,,
,"Развёртывание и инфраструктура: ONNX / TensorRT / OpenVINO, конвейеры ETL/ELT, Elasticsearch, большие данные",,Индикатор «Владеть» ПК-2. В содержании отсутствует,,,,,,,,,,
,Адаптация домена и перенос обучения,,Задачи дисциплины (раздел 2 РПД). В содержании и оценочных материалах отсутствует,,,,,,,,,,